<?xml version="1.0" encoding="UTF-8"?>
<assembly
    xmlns="http://maven.apache.org/plugins/maven-assembly-plugin/assembly/1.1.2"
    xmlns:xsi="http://www.w3.org/2001/XMLSchema-instance" xsi:schemaLocation="http://maven.apache.org/plugins/maven-assembly-plugin/assembly/1.1.2 http://maven.apache.org/xsd/assembly-1.1.2.xsd">
    <id>bin</id>
    <includeBaseDirectory>false</includeBaseDirectory>
    <formats>
        <format>zip</format>
    </formats>
    <files>
        <file>
            <!-- jobInfo.properties -->
            <source>${basedir}/src/main/templates/jobInfo_template.properties
			</source>
            <outputDirectory>.</outputDirectory>
            <destName>jobInfo.properties</destName>
            <filtered>true</filtered>
        </file>
        <file>
            <!-- sh -->
            <source>${basedir}/src/main/templates/Job_run_template.sh</source>
            <outputDirectory>${talend.job.name}</outputDirectory>
            <destName>${talend.job.name}_run.sh</destName>
            <filtered>true</filtered>
        </file>
        <file>
            <!-- bat -->
            <source>${basedir}/src/main/templates/Job_run_template.bat</source>
            <outputDirectory>${talend.job.name}</outputDirectory>
            <destName>${talend.job.name}_run.bat</destName>
            <filtered>true</filtered>
        </file>
        <file>
            <!-- ps1 -->
            <source>${basedir}/src/main/templates/Job_run_template.ps1</source>
            <outputDirectory>${talend.job.name}</outputDirectory>
            <destName>${talend.job.name}_run.ps1</destName>
            <filtered>true</filtered>
        </file>
    </files>
    <fileSets>
        <fileSet>
            <!-- templates -->
            <directory>${templates.dir}</directory>
            <outputDirectory>${talend.job.name}/src/main/templates/
			</outputDirectory>
            <includes>
                <include>**</include>
            </includes>
        </fileSet>
        <fileSet>
            <!-- log4j resources -->
            <directory>${log4j.resources.dir}</directory>
            <outputDirectory>${output.resources.dir}/
			</outputDirectory>
            <includes>
                <include>log4j.xml</include>
            </includes>
        </fileSet>
        <fileSet>
            <!-- log4j.xml for running -->
            <directory>${log4j.running.dir}</directory>
            <outputDirectory>${talend.job.name}</outputDirectory>
            <includes>
                <include>log4j.xml</include>
            </includes>
        </fileSet>
        <fileSet>
            <!-- xmlMappings resources -->
            <directory>${xmlMappings.resources.dir}</directory>
            <outputDirectory>${output.resources.dir}/xmlMappings/
			</outputDirectory>
            <includes>
                <include>**/*.*</include>
            </includes>
        </fileSet>
        <fileSet>
            <!-- xmlMappings for running -->
            <directory>${xmlMappings.running.dir}</directory>
            <outputDirectory>${talend.job.name}/xmlMappings/
			</outputDirectory>
            <includes>
                <include>**/*.*</include>
            </includes>
        </fileSet>
        <fileSet>
            <!-- rules resources -->
            <directory>${rules.resources.dir}</directory>
            <outputDirectory>${output.resources.dir}/rules/
			</outputDirectory>
            <includes>
                <include>**/*.*</include>
            </includes>
        </fileSet>
        <fileSet>
            <!-- assembly_*.xml -->
            <directory>${assemblies.dir}</directory>
            <outputDirectory>${talend.job.name}/src/main/assemblies/
			</outputDirectory>
            <includes>
                <include>assembly.xml</include>
            </includes>
        </fileSet>
        <fileSet>
            <!-- pom_*.xml -->
            <directory>${poms.dir}</directory>
            <outputDirectory>${talend.job.name}</outputDirectory>
            <includes>
                <include>pom.xml</include>
            </includes>
        </fileSet>
        <fileSet>
            <!--parent pom.xml -->
            <directory>${parentpom.dir}</directory>
            <outputDirectory>.</outputDirectory>
            <includes>
                <include>pom.xml</include>
            </includes>
        </fileSet>
        <fileSet>
            <!--routines code -->
            <directory>${routinescode.dir}</directory>
            <outputDirectory>code/routines/src/main</outputDirectory>
            <includes>
                <include>**/**/*.*</include>
            </includes>
        </fileSet>
        <fileSet>
            <!--routines pom -->
            <directory>${routinespom.dir}</directory>
            <outputDirectory>code/routines/</outputDirectory>
            <includes>
                <include>pom.xml</include>
            </includes>
        </fileSet>
        <fileSet>
            <!--pigudf code -->
            <directory>${pigudfcode.dir}</directory>
            <outputDirectory>code/pigudf/src/main</outputDirectory>
            <includes>
                <include>**/**/*.*</include>
            </includes>
        </fileSet>
        <fileSet>
            <!--pifudf pom -->
            <directory>${pigudfpom.dir}</directory>
            <outputDirectory>code/pigudf/</outputDirectory>
            <includes>
                <include>pom.xml</include>
            </includes>
        </fileSet>
        <fileSet>
            <!--joblet -->
            <directory>${joblet.dir}</directory>
            <outputDirectory>jobs/</outputDirectory>
            <includes>
                <include>joblets*/**/*.*</include>
            </includes>
        </fileSet>
        <fileSet>
            <!-- add items -->
            <directory>${items.dir}</directory>
            <outputDirectory>${talend.job.name}</outputDirectory>
            <includes>
                <include>**</include>
            </includes>
        </fileSet>
        <fileSet>
            <!-- add java source codes -->
            <directory>${sourcecodes.dir}</directory>
            <outputDirectory>${talend.job.name}/src/main/java/</outputDirectory>
            <includes>
                <include>${talend.job.path}/**</include>
            </includes>
        </fileSet>
        <fileSet>
            <!-- add context resources -->
            <directory>${resources.dir}</directory>
            <outputDirectory>${output.resources.dir}/
			</outputDirectory>
            <includes>
                <include>${talend.job.path}/**</include>
            </includes>
        </fileSet>
        <fileSet>
            <!-- add test source codes -->
            <directory>${test.sourcecodes.dir}</directory>
            <outputDirectory>${talend.job.name}/src/test/java/</outputDirectory>
            <includes>
                <include>${talend.job.path}/**</include>
            </includes>
        </fileSet>
        <fileSet>
            <!-- add test context resources -->
            <directory>${test.resources.dir}</directory>
            <outputDirectory>${talend.job.name}/src/test/resources/
			</outputDirectory>
            <includes>
                <include>${talend.job.path}/**</include>
            </includes>
        </fileSet>
        <fileSet>
            <!-- junits reports -->
            <directory>${test.reports.dir}</directory>
            <outputDirectory>sunfire-reports</outputDirectory>
            <includes>
                <include>**/*.*</include>
            </includes>
        </fileSet>
        <fileSet>
            <!-- add all resources for running -->
            <directory>${contexts.running.dir}</directory>
            <outputDirectory>${talend.job.name}</outputDirectory>
            <includes>
                <include>**/*.*</include>
            </includes>
        </fileSet>
        <!-- If have children jobs, will add here -->
        <fileSet>
            <!-- microservice config files -->
            <directory>${microservice.configs.dir}</directory>
            <outputDirectory>${talend.job.name}</outputDirectory>
            <includes>
                <include>config/**</include>
            </includes>
        </fileSet>
        <fileSet>
            <!-- microservice running config files -->
            <directory>${microservice.running.configs.dir}</directory>
            <outputDirectory>${talend.job.name}</outputDirectory>
            <includes>
                <include>config/**</include>
            </includes>
        </fileSet>
    </fileSets>
    <dependencySets>
        <dependencySet>
            <outputDirectory>lib</outputDirectory>
            <includes>
                <include>org.talend.libraries:activation:jar:6.0.0</include>
                <include>org.talend.libraries:crypto-utils:jar:6.0.0-SNAPSHOT</include>
                <include>org.talend.libraries:geronimo-stax-api_1.0_spec-1.0.1:jar:6.0.0</include>
                <include>org.talend.libraries:talendExcel-1.5-20190731:jar:6.0.0</include>
                <include>org.talend.libraries:mail-1.4:jar:1.4.7</include>
                <include>org.talend.libraries:talend-codegen-utils:jar:0.28.0</include>
                <include>org.talend.libraries:sqljdbc42:jar:6.0.0-SNAPSHOT</include>
                <include>org.talend.libraries:commons-collections4-4.1:jar:6.0.0</include>
                <include>org.example.fbava_inforce_01_04_2022.code:routines:jar:7.3.1</include>
            </includes>
            <outputFileNameMapping>${artifact.artifactId}.${artifact.extension}</outputFileNameMapping>
            <useProjectArtifact>false</useProjectArtifact>
        </dependencySet>
        <dependencySet>
            <outputDirectory>lib</outputDirectory>
            <includes>
                <include>com.google.auto.service:auto-service:jar:1.0-rc2</include>
                <include>org.apache.avro:avro:jar:1.8.1</include>
                <include>org.apache.poi:poi-ooxml:jar:4.1.0-20190523141255_modified_talend</include>
                <include>org.apache.maven.resolver:maven-resolver-spi:jar:1.3.1</include>
                <include>com.yahoo.datasketches:memory:jar:0.9.0</include>
                <include>org.talend.daikon:daikon:jar:0.31.10</include>
                <include>org.codehaus.jackson:jackson-mapper-asl:jar:1.9.14-TALEND</include>
                <include>org.apache.xmlbeans:xmlbeans:jar:3.1.0</include>
                <include>org.apache.maven.resolver:maven-resolver-util:jar:1.3.1</include>
                <include>org.codehaus.janino:janino:jar:2.7.6</include>
                <include>commons-collections:commons-collections:jar:3.2.2</include>
                <include>org.codehaus.jackson:jackson-core-asl:jar:1.9.14-TALEND</include>
                <include>org.tukaani:xz:jar:1.5</include>
                <include>org.apache.commons:commons-configuration2:jar:2.0</include>
                <include>org.apache.logging.log4j:log4j-1.2-api:jar:2.12.1</include>
                <include>org.ops4j.pax.url:pax-url-aether:jar:2.6.2</include>
                <include>com.cedarsoftware:json-io:jar:4.9.9-TALEND</include>
                <include>org.apache.logging.log4j:log4j-core:jar:2.12.1</include>
                <include>org.apache.maven.resolver:maven-resolver-api:jar:1.3.1</include>
                <include>org.talend.daikon:crypto-utils:jar:0.31.10</include>
                <include>javax.inject:javax.inject:jar:1</include>
                <include>org.apache.calcite.avatica:avatica-metrics:jar:1.11.0</include>
                <include>org.codehaus.janino:commons-compiler:jar:2.7.6</include>
                <include>javax.servlet:javax.servlet-api:jar:3.1.0</include>
                <include>org.apache.poi:poi:jar:4.1.0-20190523141255_modified_talend</include>
                <include>com.google.auto:auto-common:jar:0.3</include>
                <include>org.apache.poi:poi-scratchpad:jar:4.1.0-20190523141255_modified_talend</include>
                <include>org.xerial.snappy:snappy-java:jar:1.1.1.3</include>
                <include>com.fasterxml.jackson.core:jackson-annotations:jar:2.10.1</include>
                <include>com.google.protobuf:protobuf-java:jar:3.3.0</include>
                <include>com.fasterxml.jackson.core:jackson-databind:jar:2.10.1</include>
                <include>com.googlecode.json-simple:json-simple:jar:1.1.1</include>
                <include>org.apache.calcite:calcite-core:jar:1.16.0</include>
                <include>commons-beanutils:commons-beanutils:jar:1.9.3</include>
                <include>com.thoughtworks.paranamer:paranamer:jar:2.7</include>
                <include>com.yahoo.datasketches:sketches-core:jar:0.9.0</include>
                <include>org.apache.commons:commons-math3:jar:3.6.1</include>
                <include>commons-logging:commons-logging:jar:1.2</include>
                <include>commons-codec:commons-codec:jar:1.10</include>
                <include>com.google.guava:guava:jar:20.0</include>
                <include>com.google.code.findbugs:jsr305:jar:1.3.9</include>
                <include>org.talend.components:components-jdbc-runtime:jar:0.28.2</include>
                <include>com.fasterxml.jackson.core:jackson-core:jar:2.10.1</include>
                <include>org.slf4j:slf4j-api:jar:1.7.25</include>
                <include>org.apache.maven.resolver:maven-resolver-impl:jar:1.3.1</include>
                <include>commons-pool:commons-pool:jar:1.6</include>
                <include>org.apache.calcite:calcite-linq4j:jar:1.16.0</include>
                <include>org.talend.components:components-common:jar:0.28.2</include>
                <include>org.apache.logging.log4j:log4j-api:jar:2.12.1</include>
                <include>org.apache.poi:poi-ooxml-schemas:jar:4.1.0-20190523141255_modified_talend</include>
                <include>org.apache.calcite.avatica:avatica-core:jar:1.11.0</include>
                <include>org.talend.components:components-jdbc-definition:jar:0.28.2</include>
                <include>org.apache.logging.log4j:log4j-slf4j-impl:jar:2.12.1</include>
                <include>org.apache.commons:commons-compress:jar:1.19</include>
                <include>commons-dbcp:commons-dbcp:jar:1.4</include>
                <include>org.dom4j:dom4j:jar:2.1.1</include>
                <include>org.talend.daikon:daikon-exception:jar:0.31.10</include>
                <include>net.sourceforge.javacsv:javacsv:jar:2.0</include>
                <include>org.apache.httpcomponents:httpclient:jar:4.5.5</include>
                <include>commons-lang:commons-lang:jar:2.6</include>
                <include>joda-time:joda-time:jar:2.8.2</include>
                <include>org.ops4j.pax.url:pax-url-aether-support:jar:2.6.2</include>
                <include>org.apache.commons:commons-lang3:jar:3.8.1</include>
                <include>org.apache.httpcomponents:httpcore:jar:4.4.9</include>
                <include>net.hydromatic:aggdesigner-algorithm:jar:6.0</include>
                <include>org.talend.components:components-api:jar:0.28.2</include>
                <include>com.esri.geometry:esri-geometry-api:jar:2.0.0</include>
            </includes>
            <useProjectArtifact>false</useProjectArtifact>
        </dependencySet>
        <dependencySet>
            <outputDirectory>${talend.job.name}</outputDirectory>
            <includes>
                <include>org.example.fbava_inforce_01_04_2022.job:FBAVAInforce:jar:0.1.0</include>
            </includes>
            <outputFileNameMapping>${artifact.build.finalName}.${artifact.extension}</outputFileNameMapping>
            <useProjectArtifact>true</useProjectArtifact>
        </dependencySet>
    </dependencySets>
</assembly>
